cbsa,name,cong,adherents,pct_pop,rank_adherents,rank_pct
41620,"Salt Lake City, UT Metro Area",1476,653868,51.97943297592247,1,7
39340,"Provo-Orem, UT Metro Area",1356,554604,82.63057130299396,2,1
36260,"Ogden-Clearfield, UT Metro Area",1083,442947,63.74594704279837,3,4
38060,"Phoenix-Mesa-Chandler, AZ Metro Area",617,301196,6.21556834822173,4,44
31080,"Los Angeles-Long Beach-Anaheim, CA Metro Area",314,198134,1.500901674252204,5,262
29820,"Las Vegas-Henderson-Paradise, NV Metro Area",237,132329,5.841151094633719,6,53
41100,"St. George, UT Metro Area",284,116156,64.43124268494944,7,3
14260,"Boise City, ID Metro Area",265,115016,15.040315515000302,8,21
30860,"Logan, UT-ID Metro Area",276,113846,77.26334934983848,9,2
40140,"Riverside-San Bernardino-Ontario, CA Metro Area",172,108532,2.359473885933834,10,154
19100,"Dallas-Fort Worth-Arlington, TX Metro Area",199,105071,1.3757453956438241,11,293
42660,"Seattle-Tacoma-Bellevue, WA Metro Area",184,104512,2.6006018768964174,12,133
26820,"Idaho Falls, ID Metro Area",213,92507,58.76109230192659,13,5
26420,"Houston-The Woodlands-Sugar Land, TX Metro Area",162,85938,1.2066147728804422,14,342
38900,"Portland-Vancouver-Hillsboro, OR-WA Metro Area",151,83481,3.322152178056946,15,109
40900,"Sacramento-Roseville-Folsom, CA Metro Area",120,75384,3.1444300491119064,16,114
47900,"Washington-Arlington-Alexandria, DC-VA-MD-WV Metro Area",134,72147,1.1299165158221514,17,372
41860,"San Francisco-Oakland-Berkeley, CA Metro Area",112,70288,1.480056466529431,18,267
41740,"San Diego-Chula Vista-Carlsbad, CA Metro Area",108,68148,2.0659460855614777,19,176
19740,"Denver-Aurora-Lakewood, CO Metro Area",119,63656,2.1477680332246782,20,169
35620,"New York-Newark-Jersey City, NY-NJ-PA Metro Area",107,62194,0.308801135226735,21,854
12060,"Atlanta-Sandy Springs-Alpharetta, GA Metro Area",87,49952,0.8202548024857897,22,568
46520,"Urban Honolulu, HI Metro Area",77,41888,4.120774258540021,23,86
28140,"Kansas City, MO-KS Metro Area",64,36065,1.6452748245351922,24,223
39940,"Rexburg, ID Micro Area",97,35114,52.961493793457116,25,6
41700,"San Antonio-New Braunfels, TX Metro Area",66,34652,1.3545763469829482,26,300
38540,"Pocatello, ID Metro Area",92,33742,35.55682009779127,27,15
44060,"Spokane-Spokane Valley, WA Metro Area",64,33600,5.735902653537823,28,55
16980,"Chicago-Naperville-Elgin, IL-IN-WI Metro Area",65,33104,0.34417001732702246,29,846
28420,"Kennewick-Richland, WA Metro Area",60,31500,10.374742278227533,30,26
33100,"Miami-Fort Lauderdale-Pompano Beach, FL Metro Area",48,30816,0.502025549933508,31,768
46060,"Tucson, AZ Metro Area",61,29656,2.8421566118763733,32,126
12420,"Austin-Round Rock-Georgetown, TX Metro Area",56,29549,1.2940954404693763,33,311
25720,"Heber, UT Micro Area",86,29326,38.01412923715082,34,12
43320,"Show Low, AZ Micro Area",65,29315,27.469850164453646,35,17
41940,"San Jose-Sunnyvale-Santa Clara, CA Metro Area",45,28251,1.412219540627493,36,284
46300,"Twin Falls, ID Metro Area",62,26970,23.599310483623988,37,18
16260,"Cedar City, UT Micro Area",75,25575,44.64207788580705,38,10
36740,"Orlando-Kissimmee-Sanford, FL Metro Area",40,24629,0.9212695857223226,39,478
10740,"Albuquerque, NM Metro Area",45,24355,2.6573110696018016,40,130
14460,"Boston-Cambridge-Newton, MA-NH Metro Area",47,22929,0.4639965096551099,41,788
13940,"Blackfoot, ID Micro Area",70,22820,47.54959159859977,42,9
17820,"Colorado Springs, CO Metro Area",46,22719,3.008720641500189,43,118
12540,"Bakersfield, CA Metro Area",37,21571,2.372433969215879,44,152
11260,"Anchorage, AK Metro Area",40,20360,5.111365507822699,45,66
33460,"Minneapolis-St. Paul-Bloomington, MN-WI Metro Area",40,19901,0.5392843487222178,46,749
41180,"St. Louis, MO-IL Metro Area",38,19824,0.7029156604035169,47,676
23420,"Fresno, CA Metro Area",34,19822,1.9651932178923595,48,183
37100,"Oxnard-Thousand Oaks-Ventura, CA Metro Area",34,19822,2.3490151604030607,49,156
16740,"Charlotte-Concord-Gastonia, NC-SC Metro Area",35,19713,0.7409985757400682,50,644
39900,"Reno, NV Metro Area",38,19608,3.996771274123719,51,89
36420,"Oklahoma City, OK Metro Area",31,18819,1.3199877954260906,52,308
37980,"Philadelphia-Camden-Wilmington, PA-NJ-DE-MD Metro Area",37,18600,0.2978358383302234,53,856
34980,"Nashville-Davidson--Murfreesboro--Franklin, TN Metro Area",35,17455,0.8773477408358503,54,518
39580,"Raleigh-Cary, NC Metro Area",30,17327,1.2254045666776523,55,335
15420,"Burley, ID Micro Area",52,16952,36.638713581741165,56,14
27260,"Jacksonville, FL Metro Area",27,16684,1.0389526281441333,57,407
12580,"Baltimore-Columbia-Towson, MD Metro Area",30,16412,0.5769710776196955,58,733
41420,"Salem, OR Metro Area",32,16384,3.7807514889708846,59,95
18140,"Columbus, OH Metro Area",30,16080,0.7517791639355452,60,635
45300,"Tampa-St. Petersburg-Clearwater, FL Metro Area",26,15994,0.5037044035555975,61,765
26900,"Indianapolis-Carmel-Anderson, IN Metro Area",30,15420,0.7304456571168713,62,652
36540,"Omaha-Council Bluffs, NE-IA Metro Area",30,15382,1.5896999185617255,63,235
46860,"Vernal, UT Micro Area",50,15350,43.09376754632229,64,11
19820,"Detroit-Warren-Dearborn, MI Metro Area",27,14571,0.3317591980584881,65,849
22660,"Fort Collins, CO Metro Area",29,14376,4.00372076442771,66,88
22380,"Flagstaff, AZ Metro Area",30,13530,9.324539458721857,67,33
17140,"Cincinnati, OH-KY-IN Metro Area",25,13245,0.5868711019263728,68,729
22220,"Fayetteville-Springdale-Rogers, AR Metro Area",25,13167,2.4083405734144225,69,149
22140,"Farmington, NM Metro Area",24,12936,10.632823994542212,70,24
47260,"Virginia Beach-Norfolk-Newport News, VA-NC Metro Area",26,12746,0.7082393811323606,71,670
33700,"Modesto, CA Metro Area",21,12243,2.21441258288447,72,166
40060,"Richmond, VA Metro Area",25,12218,0.929525560050942,73,471
46140,"Tulsa, OK Metro Area",21,12089,1.1906462030608738,74,346
40940,"Safford, AZ Micro Area",35,11830,30.700957620740667,75,16
44700,"Stockton, CA Metro Area",20,11660,1.4963431990174954,76,264
39150,"Prescott Valley-Prescott, AZ Metro Area",24,10824,4.582382551045896,77,75
43420,"Sierra Vista-Douglas, AZ Metro Area",24,10824,8.6283450381436,78,35
21660,"Eugene-Springfield, OR Metro Area",21,10752,2.8075232850529153,79,127
14740,"Bremerton-Silverdale-Port Orchard, WA Metro Area",20,10500,3.809717318974932,80,93
46700,"Vallejo, CA Metro Area",18,10494,2.3140481288493047,81,158
32580,"McAllen-Edinburg-Mission, TX Metro Area",21,10374,1.191344321936285,82,345
21340,"El Paso, TX Metro Area",21,10291,1.1844269323330943,83,349
25900,"Hilo, HI Micro Area",19,10281,5.124383812908403,84,65
21740,"Evanston, WY Micro Area",26,10114,49.457212713936435,85,8
31140,"Louisville/Jefferson County, KY-IN Metro Area",19,10079,0.7840901046257349,86,603
17900,"Columbia, SC Metro Area",16,9853,1.187866951185697,87,347
36620,"Ontario, OR-ID Micro Area",25,9818,17.23756518075039,88,19
48620,"Wichita, KS Metro Area",17,9685,1.4954988341748892,89,265
32820,"Memphis, TN-MS-AR Metro Area",18,9627,0.7196255883819375,90,662
34180,"Moses Lake, WA Micro Area",22,9614,9.69906076289055,91,31
13740,"Billings, MT Metro Area",19,9557,5.189311874548643,92,63
49420,"Yakima, WA Metro Area",18,9450,3.680938580910536,93,98
24540,"Greeley, CO Metro Area",19,9419,2.86308327836562,94,124
17020,"Chico, CA Metro Area",16,9328,4.407651016859454,95,81
38300,"Pittsburgh, PA Metro Area",17,8705,0.3671555043801377,96,836
17660,"Coeur d'Alene, ID Metro Area",20,8700,5.076971557288081,97,67
21220,"Elko, NV Micro Area",20,8643,15.556995518116528,98,20
17460,"Cleveland-Elyria, OH Metro Area",16,8639,0.4136954800931497,99,810
24300,"Grand Junction, CO Metro Area",17,8428,5.412869373101353,100,59
40380,"Rochester, NY Metro Area",14,8290,0.7604562737642585,101,628
32780,"Medford, OR Metro Area",16,8192,3.669280969636163,102,99
42200,"Santa Maria-Santa Barbara, CA Metro Area",14,8162,1.8209442048595696,103,198
47300,"Visalia, CA Metro Area",14,8162,1.7251546657592098,104,213
44180,"Springfield, MO Metro Area",16,8022,1.6873075434552156,105,217
39220,"Price, UT Micro Area",25,7675,37.60043111894964,106,13
29420,"Lake Havasu City-Kingman, AZ Metro Area",17,7667,3.5950240777991906,107,101
27980,"Kahului-Wailuku-Lahaina, HI Metro Area",14,7616,4.6226495259599165,108,74
12260,"Augusta-Richmond County, GA-SC Metro Area",13,7592,1.2425531914893617,109,327
28660,"Killeen-Temple, TX Metro Area",15,7410,1.5587956252747877,110,245
36500,"Olympia-Lacey-Tumwater, WA Metro Area",14,7350,2.4932749420780005,111,142
12940,"Baton Rouge, LA Metro Area",12,7114,0.8171667036156812,112,571
19430,"Dayton-Kettering, OH Metro Area",14,7100,0.8721833697971498,113,524
26620,"Huntsville, AL Metro Area",13,7051,1.43393739971488,114,277
42220,"Santa Rosa-Petaluma, CA Metro Area",12,6996,1.431075781967545,115,280
49700,"Yuba City, CA Metro Area",12,6996,3.860756699483466,116,91
28940,"Knoxville, TN Metro Area",14,6828,0.7761092918286876,117,610
16700,"Charleston-North Charleston, SC Metro Area",11,6670,0.8341295289356657,118,553
37860,"Pensacola-Ferry Pass-Brent, FL Metro Area",11,6512,1.2771006363930537,119,317
22180,"Fayetteville, NC Metro Area",12,6508,1.2506293502031216,120,324
25840,"Hermiston-Pendleton, OR Micro Area",15,6476,7.019217220710809,121,38
13820,"Birmingham-Hoover, AL Metro Area",12,6466,0.5797600442575871,122,730
39820,"Redding, CA Metro Area",11,6413,3.5206280365622686,123,103
41500,"Salinas, CA Metro Area",11,6413,1.4607035885521655,124,271
48300,"Wenatchee, WA Metro Area",12,6300,5.163426548208373,125,64
13140,"Beaumont-Port Arthur, TX Metro Area",13,6258,1.5740822255480236,126,241
19780,"Des Moines-West Des Moines, IA Metro Area",13,6230,0.87812523785495,127,516
40540,"Rock Springs, WY Micro Area",16,6224,14.723694171082514,128,22
35380,"New Orleans-Metairie, LA Metro Area",11,6127,0.4817410926645936,129,779
30460,"Lexington-Fayette, KY Metro Area",12,6120,1.1841853211328706,130,350
18880,"Crestview-Fort Walton Beach-Destin, FL Metro Area",10,6020,2.097758325696146,131,174
20500,"Durham-Chapel Hill, NC Metro Area",12,5970,0.9185986216404602,132,482
30780,"Little Rock-North Little Rock-Conway, AR Metro Area",11,5922,0.7916784197446363,133,594
35840,"North Port-Sarasota-Bradenton, FL Metro Area",10,5920,0.7100739340494845,134,669
37340,"Palm Bay-Melbourne-Titusville, FL Metro Area",10,5920,0.9759121151576295,135,437
33340,"Milwaukee-Waukesha, WI Metro Area",13,5865,0.37244456354767896,136,831
49740,"Yuma, AZ Metro Area",13,5863,2.8756970978168637,137,123
13380,"Bellingham, WA Metro Area",11,5775,2.5457687339925146,138,140
10540,"Albany-Lebanon, OR Metro Area",11,5632,4.379130705232875,139,82
29740,"Las Cruces, NM Metro Area",10,5390,2.4548986386471188,140,145
29460,"Lakeland-Winter Haven, FL Metro Area",9,5328,0.7348499267632674,141,650
45220,"Tallahassee, FL Metro Area",9,5328,1.386424077148463,142,290
34580,"Mount Vernon-Anacortes, WA Metro Area",10,5250,4.0533341568678924,143,87
42020,"San Luis Obispo-Paso Robles, CA Metro Area",9,5247,1.8578449423561738,144,193
24660,"Greensboro-High Point, NC Metro Area",10,5172,0.6660090707035848,145,695
13460,"Bend, OR Metro Area",10,5120,2.5825586498060558,146,135
33540,"Missoula, MT Metro Area",10,5036,4.270619562083411,147,83
14580,"Bozeman, MT Micro Area",10,5030,4.228312037659718,148,84
15180,"Brownsville-Harlingen, TX Metro Area",10,4940,1.1733492946840627,149,352
19660,"Deltona-Daytona Beach-Ormond Beach, FL Metro Area",8,4836,0.7229553265632264,150,658
23540,"Gainesville, FL Metro Area",8,4836,1.425510026617774,151,281
25540,"Hartford-East Hartford-Middletown, CT Metro Area",11,4811,0.39644640309971474,152,815
16220,"Casper, WY Metro Area",11,4752,5.943343130510913,153,48
16940,"Cheyenne, WY Metro Area",11,4752,4.7277936962750715,154,71
15980,"Cape Coral-Fort Myers, FL Metro Area",8,4736,0.6224846284676311,155,715
24340,"Grand Rapids-Kentwood, MI Metro Area",9,4653,0.42782587587992554,156,804
16860,"Chattanooga, TN-GA Metro Area",9,4643,0.8252065682390557,157,562
17300,"Clarksville, TN-KY Metro Area",9,4588,1.4313569500990533,158,279
37740,"Payson, AZ Micro Area",12,4512,8.469740201231415,159,36
15380,"Buffalo-Cheektowaga, NY Metro Area",7,4504,0.38597928532130377,160,822
31540,"Madison, WI Metro Area",10,4476,0.6574656725362664,161,700
17780,"College Station-Bryan, TX Metro Area",9,4446,1.6574214905609734,162,221
31180,"Lubbock, TX Metro Area",9,4446,1.3834607054840555,163,291
25740,"Helena, MT Micro Area",9,4443,5.349274001300296,164,60
28180,"Kapaa, HI Micro Area",8,4352,5.937406204807771,165,49
23700,"Gallup, NM Micro Area",8,4312,5.914789717703218,166,51
27140,"Jackson, MS Metro Area",8,4260,0.7196213372794259,167,663
39300,"Providence-Warwick, RI-MA Metro Area",8,4259,0.2540291868143404,168,864
21820,"Fairbanks, AK Metro Area",10,4240,4.432596309654487,169,79
30700,"Lincoln, NE Metro Area",8,4200,1.234506212211618,170,331
31020,"Longview, WA Metro Area",8,4200,3.793010024383636,171,94
47460,"Walla Walla, WA Metro Area",8,4200,6.7109804422855674,172,41
30980,"Longview, TX Metro Area",9,4159,1.4532608391803874,173,273
34940,"Naples-Marco Island, FL Metro Area",7,4144,1.102855074623688,174,381
24420,"Grants Pass, OR Metro Area",8,4096,4.649789987512771,175,73
28900,"Klamath Falls, OR Micro Area",8,4096,5.900911932923228,176,52
40700,"Roseburg, OR Micro Area",8,4096,3.6834201131284794,177,97
42100,"Santa Cruz-Watsonville, CA Metro Area",7,4081,1.5066768563949775,178,258
14860,"Bridgeport-Stamford-Norwalk, CT Metro Area",9,4059,0.42395231345941536,179,807
18580,"Corpus Christi, TX Metro Area",8,4034,0.9560759646673762,180,452
24500,"Great Falls, MT Metro Area",8,4024,4.766981780273414,181,70
28060,"Kalispell, MT Micro Area",8,4024,3.855994327165403,182,92
23940,"Gillette, WY Micro Area",8,4015,6.577115242853633,183,42
27900,"Joplin, MO Metro Area",8,3906,2.153145654294991,184,168
27220,"Jackson, WY-ID Micro Area",11,3904,11.166728640485111,185,23
40180,"Riverton, WY Micro Area",10,3890,9.914869755824029,186,30
29620,"Lansing-East Lansing, MI Metro Area",8,3878,0.716427395681114,187,668
22900,"Fort Smith, AR-OK Metro Area",7,3876,1.586508943555319,188,236
11100,"Amarillo, TX Metro Area",8,3829,1.4250570357771566,189,282
38860,"Portland-South Portland, ME Metro Area",7,3729,0.6758618189727045,190,686
34820,"Myrtle Beach-Conway-North Myrtle Beach, SC-NC Metro Area",7,3726,0.7639597967694711,191,623
10580,"Albany-Schenectady-Troy, NY Metro Area",6,3688,0.4101140713162571,192,813
49180,"Winston-Salem, NC Metro Area",7,3656,0.5408556051635733,193,748
16180,"Carson City, NV Metro Area",7,3612,6.159723051211651,194,46
22280,"Fernley, NV Micro Area",7,3612,6.097746264877184,195,47
25060,"Gulfport-Biloxi, MS Metro Area",7,3610,0.8672485159480036,196,531
35300,"New Haven-Milford, CT Metro Area",8,3608,0.41718940607167837,197,809
40220,"Roanoke, VA Metro Area",7,3608,1.144484870785501,198,362
24860,"Greenville-Anderson, SC Metro Area",6,3593,0.3870953840518426,199,821
39100,"Poughkeepsie-Newburgh-Middletown, NY Metro Area",6,3582,0.513753888652235,200,763
45060,"Syracuse, NY Metro Area",6,3533,0.5336398527619224,201,750
17860,"Columbia, MO Metro Area",7,3528,1.6731163214204414,202,220
21700,"Eureka-Arcata, CA Micro Area",6,3498,2.5633321852809923,203,137
37220,"Pahrump, NV Micro Area",9,3483,6.751177530964703,204,40
31740,"Manhattan, KS Metro Area",6,3473,2.590901630783462,205,134
39380,"Pueblo, CO Metro Area",7,3470,2.063486400019029,206,177
33260,"Midland, TX Metro Area",7,3458,1.9735190046798312,207,180
40340,"Rochester, MN Metro Area",7,3409,1.5062144046940515,208,259
25620,"Hattiesburg, MS Metro Area",7,3390,1.9682867776416555,209,181
25180,"Hagerstown-Martinsburg, MD-WV Metro Area",6,3300,1.1230448809572426,210,376
10900,"Allentown-Bethlehem-Easton, PA-NJ Metro Area",7,3275,0.37997932448377925,211,826
17980,"Columbus, GA-AL Metro Area",6,3232,0.9827202987080511,212,432
49340,"Worcester, MA-CT Metro Area",7,3232,0.3302916929390953,213,851
42340,"Savannah, GA Metro Area",6,3196,0.7895295925375125,214,598
11700,"Asheville, NC Metro Area",6,3163,0.6743920770124623,215,687
43340,"Shreveport-Bossier City, LA Metro Area",5,3161,0.8034956253844628,216,585
36020,"Oak Harbor, WA Micro Area",6,3150,3.6266507017281278,217,100
11460,"Ann Arbor, MI Metro Area",6,3102,0.8332930386989669,218,555
29540,"Lancaster, PA Metro Area",6,3102,0.5609565557050475,219,739
49620,"York-Hanover, PA Metro Area",6,3102,0.6796103742457902,220,685
18700,"Corvallis, OR Metro Area",6,3072,3.2274331820474034,221,110
25940,"Hilton Head Island-Bluffton, SC Metro Area",5,3026,1.4015228708524001,222,287
42540,"Scranton--Wilkes-Barre, PA Metro Area",6,3016,0.5313984977773235,223,751
26980,"Iowa City, IA Metro Area",6,3006,1.7136114103945412,224,214
10420,"Akron, OH Metro Area",6,2996,0.42664752733833744,225,805
19340,"Davenport-Moline-Rock Island, IA-IL Metro Area",6,2976,0.7743466450182659,226,614
25420,"Harrisburg-Carlisle, PA Metro Area",6,2973,0.5024403763993294,227,767
46340,"Tyler, TX Metro Area",6,2964,1.2694931878241726,228,319
33860,"Montgomery, AL Metro Area",5,2949,0.7638966239861986,229,624
48900,"Wilmington, NC Metro Area",6,2940,1.0283136006715516,230,412
34300,"Mountain Home, ID Micro Area",9,2934,10.235121747017374,231,28
24060,"Glenwood Springs, CO Micro Area",6,2931,3.70810824487937,232,96
44660,"Stillwater, OK Micro Area",5,2925,3.5825392548318344,233,102
20940,"El Centro, CA Metro Area",5,2915,1.6221299707293184,234,227
25260,"Hanford-Corcoran, CA Metro Area",5,2915,1.9116509056569129,235,188
31460,"Madera, CA Metro Area",5,2915,1.8655403027103132,236,192
32900,"Merced, CA Metro Area",5,2915,1.0366213611567485,237,409
39780,"Red Bluff, CA Micro Area",5,2915,4.428139573744094,238,80
16300,"Cedar Rapids, IA Metro Area",6,2838,1.026327209605092,239,413
29660,"Laramie, WY Micro Area",7,2723,7.346355150272486,240,37
21980,"Fallon, NV Micro Area",7,2709,10.61686784762502,241,25
29260,"La Grande, OR Micro Area",7,2688,10.261108566193313,242,27
37900,"Peoria, IL Metro Area",5,2688,0.668006988227868,243,693
10140,"Aberdeen, WA Micro Area",5,2625,3.47056957004601,244,105
16500,"Centralia, WA Micro Area",5,2625,3.1954132125771464,245,111
38820,"Port Angeles, WA Micro Area",5,2625,3.402242239647463,246,107
39420,"Pullman, WA Micro Area",5,2625,5.471827903195548,247,56
31700,"Manchester-Nashua, NH Metro Area",6,2616,0.6185318380751743,248,717
28700,"Kingsport-Bristol, TN-VA Metro Area",5,2586,0.8406639489750142,249,550
33940,"Montrose, CO Micro Area",7,2581,5.427628120202721,250,58
39660,"Rapid City, SD Metro Area",5,2580,1.8551274860865437,251,194
30300,"Lewiston, ID-WA Metro Area",6,2554,3.967378640776699,252,90
16580,"Champaign-Urbana, IL Metro Area",5,2520,1.132390872570078,253,369
29200,"Lafayette-West Lafayette, IN Metro Area",5,2515,1.124193173487815,254,374
14500,"Boulder, CO Metro Area",5,2479,0.7494905640982229,255,638
20420,"Durango, CO Micro Area",5,2479,4.455587907545203,256,77
29700,"Laredo, TX Metro Area",5,2470,0.9246988177332525,257,473
33740,"Monroe, LA Metro Area",4,2470,1.1926375154511744,258,344
47380,"Waco, TX Metro Area",5,2470,0.8899393616216352,259,508
21780,"Evansville, IN-KY Metro Area",5,2426,0.7724909170225028,260,619
26580,"Huntington-Ashland, WV-KY-OH Metro Area",4,2384,0.662476171421267,261,696
13980,"Blacksburg-Christiansburg, VA Metro Area",5,2337,1.404632824051257,262,286
46540,"Utica-Rome, NY Metro Area",4,2303,0.7879862042536885,263,600
16820,"Charlottesville, VA Metro Area",5,2296,1.0364565464690056,264,410
30100,"Lebanon, NH-VT Micro Area",5,2284,1.0324983838959185,265,411
34140,"Moscow, ID Micro Area",7,2282,5.774729863096895,266,54
45780,"Toledo, OH Metro Area",5,2269,0.3509102943996635,267,845
43900,"Spartanburg, SC Metro Area",4,2256,0.6878111690045946,268,681
16620,"Charleston, WV Metro Area",4,2255,0.8711306155088292,269,525
34060,"Morgantown, WV Metro Area",4,2255,1.6102772104714436,270,230
35980,"Norwich-New London, CT Metro Area",5,2255,0.8396790229189552,271,551
25200,"Hailey, ID Micro Area",7,2246,8.860310071403212,272,34
25860,"Hickory-Lenoir-Morganton, NC Metro Area",4,2228,0.6099497366375015,273,724
36100,"Ocala, FL Metro Area",4,2172,0.5778009512965938,274,731
37460,"Panama City, FL Metro Area",4,2172,1.2396128207469639,275,329
49020,"Winchester, VA-WV Metro Area",4,2160,1.5143866733972742,276,256
29940,"Lawrence, KS Metro Area",4,2152,1.8116765584880246,277,199
45820,"Topeka, KS Metro Area",4,2152,0.9230030194894318,278,475
46020,"Truckee-Grass Valley, CA Micro Area",4,2136,2.0891814438434677,279,175
44140,"Springfield, MA Metro Area",5,2102,0.300645630054265,280,855
31340,"Lynchburg, VA Metro Area",4,2091,0.7993333154939161,281,590
43620,"Sioux Falls, SD Metro Area",4,2075,0.7498283525458027,282,637
12020,"Athens-Clarke County, GA Metro Area",4,2068,0.9600074275236172,283,449
33500,"Minot, ND Micro Area",4,2024,2.610063704124004,284,131
10460,"Alamogordo, NM Micro Area",4,1976,2.912778785064638,285,121
16100,"Carlsbad-Artesia, NM Micro Area",4,1976,3.1710370061302435,286,113
36830,"Othello, WA Micro Area",5,1965,9.532819094746033,287,32
34340,"Mount Airy, NC Micro Area",4,1960,2.7466752617049006,288,128
41760,"Sandpoint, ID Micro Area",6,1956,4.1519847166206745,289,85
13780,"Binghamton, NY Metro Area",3,1946,0.787414319125347,290,601
43260,"Sheridan, WY Micro Area",5,1945,6.290223472720805,291,43
45000,"Susanville, CA Micro Area",4,1940,5.927283837457989,292,50
43220,"Shelton, WA Micro Area",4,1924,2.92730426315309,293,120
39740,"Reading, PA Metro Area",4,1896,0.44211365772101596,294,798
40420,"Rockford, IL Metro Area",4,1890,0.5578545327894497,295,741
11180,"Ames, IA Metro Area",4,1878,1.4993772554530067,296,263
18300,"Coos Bay, OR Micro Area",4,1876,2.889309861541068,297,122
38940,"Port St. Lucie, FL Metro Area",3,1876,0.38469662078058964,298,824
14020,"Bloomington, IN Metro Area",4,1844,1.1450642390973615,299,361
22800,"Fort Madison-Keokuk, IA-IL-MO Micro Area",4,1842,3.186355065820201,300,112
48780,"Williston, ND Micro Area",4,1840,4.493284493284493,301,76
10180,"Abilene, TX Metro Area",4,1812,1.0261695898153236,302,414
36220,"Odessa, TX Metro Area",4,1812,1.0970448807599398,303,384
41660,"San Angelo, TX Metro Area",4,1812,1.4745133780352842,304,268
48660,"Wichita Falls, TX Metro Area",4,1812,1.2232663642255348,305,337
21580,"Española, NM Micro Area",4,1796,4.449619701211505,306,78
29180,"Lafayette, LA Metro Area",3,1779,0.3718769858523696,307,832
20100,"Dover, DE Metro Area",4,1772,0.9744241164469813,308,438
20020,"Dothan, AL Metro Area",3,1751,1.159548895084334,309,357
23820,"Gardnerville Ranchos, NV Micro Area",4,1720,3.475590042030391,310,104
49080,"Winnemucca, NV Micro Area",4,1720,9.950824414231993,311,29
14540,"Bowling Green, KY Metro Area",3,1710,0.9519091065971198,312,454
21060,"Elizabethtown-Fort Knox, KY Metro Area",3,1710,1.0991695163654127,313,383
35440,"Newport, OR Micro Area",4,1704,3.3812878261732315,314,108
24580,"Green Bay, WI Metro Area",4,1696,0.51665102903725,315,762
18500,"Corning, NY Micro Area",3,1689,1.8047956915712087,316,201
36300,"Ogdensburg-Massena, NY Micro Area",3,1689,1.5566102944564766,317,247
36460,"Olean, NY Micro Area",3,1689,2.1923106876768514,318,167
27940,"Juneau, AK Micro Area",4,1684,5.220895985118586,319,62
28580,"Key West, FL Micro Area",3,1629,1.965634577792794,320,182
37260,"Palatka, FL Micro Area",3,1629,2.2217372921809577,321,164
12300,"Augusta-Waterville, ME Micro Area",3,1623,1.3126607463483284,322,310
12620,"Bangor, ME Metro Area",3,1623,1.0663670589162872,323,393
12780,"Bartlesville, OK Micro Area",3,1608,3.0654847011724335,324,116
21420,"Enid, OK Metro Area",3,1608,2.55863539445629,325,138
30020,"Lawton, OK Metro Area",3,1608,1.2696206929223384,326,318
17340,"Clearlake, CA Micro Area",3,1602,2.350248668632543,327,155
18260,"Cookeville, TN Micro Area",3,1602,1.4054850765910407,328,285
27740,"Johnson City, TN Metro Area",3,1602,0.7728489760474709,329,617
34900,"Napa, CA Metro Area",3,1602,1.1607097573522487,330,356
46380,"Ukiah, CA Micro Area",3,1602,1.7488892042663289,331,211
27620,"Jefferson City, MO Metro Area",3,1596,1.061812665908229,332,394
23060,"Fort Wayne, IN Metro Area",3,1593,0.37964637834514214,333,827
20060,"Douglas, GA Micro Area",3,1551,3.018801821791428,334,117
23580,"Gainesville, GA Metro Area",3,1551,0.7635278827977315,335,625
47580,"Warner Robins, GA Metro Area",3,1551,0.8094398112872756,336,581
20260,"Duluth, MN-WI Metro Area",3,1543,0.5290805724905533,337,753
13900,"Bismarck, ND Metro Area",3,1522,1.1389998952299702,338,367
12220,"Auburn-Opelika, AL Metro Area",3,1521,0.872928874375147,339,522
19300,"Daphne-Fairhope-Foley, AL Metro Area",3,1521,0.6562625395332381,340,703
33660,"Mobile, AL Metro Area",3,1521,0.35355895089923917,341,842
46220,"Tuscaloosa, AL Metro Area",3,1521,0.5661135800263516,342,738
22020,"Fargo, ND-MN Metro Area",3,1518,0.6075815612204464,343,725
45940,"Trenton-Princeton, NJ Metro Area",3,1509,0.3895802137656839,344,819
47220,"Vineland-Bridgeton, NJ Metro Area",3,1509,0.9789039389693289,345,436
40740,"Roswell, NM Micro Area",3,1482,2.274506192734472,346,161
42140,"Santa Fe, NM Metro Area",3,1482,0.9572221181607384,347,451
15500,"Burlington, NC Metro Area",3,1470,0.8575678907913543,348,539
24140,"Goldsboro, NC Metro Area",3,1470,1.2528444683081486,349,323
24780,"Greenville, NC Metro Area",3,1470,0.863471625852458,350,534
27340,"Jacksonville, NC Metro Area",3,1470,0.7185593618019709,351,664
38240,"Pinehurst-Southern Pines, NC Micro Area",3,1470,1.4740240857541087,352,269
16540,"Chambersburg-Waynesboro, PA Metro Area",3,1422,0.9119359720903985,353,486
20700,"East Stroudsburg, PA Metro Area",3,1422,0.8447842592097524,354,549
28020,"Kalamazoo-Portage, MI Metro Area",3,1422,0.5434325677379905,355,747
44300,"State College, PA Metro Area",3,1422,0.8990213185646005,356,497
15940,"Canton-Massillon, OH Metro Area",3,1413,0.35186540961317214,357,844
14010,"Bloomington, IL Metro Area",3,1386,0.8107444107771681,358,580
14700,"Branson, MO Micro Area",3,1386,2.472086469518068,359,143
22780,"Fort Leonard Wood, MO Micro Area",3,1386,2.5688073394495414,360,136
18020,"Columbus, IN Metro Area",3,1383,1.6823180225768781,361,218
21140,"Elkhart-Goshen, IN Metro Area",3,1383,0.6679642786420474,362,694
34620,"Muncie, IN Metro Area",3,1383,1.2358917991474758,363,330
43780,"South Bend-Mishawaka, IN-MI Metro Area",3,1383,0.42619283145506487,364,806
47940,"Waterloo-Cedar Falls, IA Metro Area",3,1377,0.8173998729676305,365,570
43300,"Sherman-Denison, TX Metro Area",3,1359,1.0026338505123835,366,422
25500,"Harrisonburg, VA Metro Area",3,1353,0.9980010474216462,367,426
19700,"Deming, NM Micro Area",3,1347,5.297518385967672,368,61
24380,"Grants, NM Micro Area",3,1347,4.957308994553217,369,68
31060,"Los Alamos, NM Micro Area",3,1347,6.936505484319482,370,39
43500,"Silver City, NM Micro Area",3,1347,4.779137839276211,371,69
27060,"Ithaca, NY Metro Area",2,1332,1.2596935880461508,372,322
28740,"Kingston, NY Metro Area",2,1332,0.7324677895639837,373,651
48060,"Watertown-Fort Drum, NY Metro Area",2,1332,1.1411828205721335,374,365
21260,"Ellensburg, WA Micro Area",3,1311,2.956898301644225,375,119
25220,"Hammond, LA Metro Area",2,1284,0.964275254023446,376,445
42700,"Sebring-Avon Park, FL Metro Area",2,1284,1.2683360497851535,377,320
11820,"Astoria, OR Micro Area",3,1278,3.1116088819633814,378,115
15060,"Brookings, OR Micro Area",3,1278,5.450823168131024,379,57
36780,"Oshkosh-Neenah, WI Metro Area",3,1272,0.7406976067082047,380,645
22500,"Florence, SC Metro Area",2,1232,0.6161108999619931,381,719
24020,"Glens Falls, NY Metro Area",2,1228,0.9666322940199467,382,444
19140,"Dalton, GA Metro Area",2,1222,0.8555206284086057,383,542
46660,"Valdosta, GA Metro Area",2,1222,0.8249733335133602,384,563
23460,"Gadsden, AL Metro Area",2,1198,1.1582041068873508,385,358
24220,"Grand Forks, ND-MN Metro Area",2,1196,1.1460110001724766,386,360
15680,"California-Lexington Park, MD Metro Area",2,1180,1.0371164646633326,387,408
40080,"Richmond-Berea, KY Micro Area",2,1170,1.0948495283725108,388,385
31300,"Lumberton, NC Micro Area",2,1158,0.9937355187505363,389,430
35100,"New Bern, NC Metro Area",2,1158,0.9478750572981469,390,456
15260,"Brunswick, GA Metro Area",2,1128,0.993876382219481,391,429
31420,"Macon-Bibb County, GA Metro Area",2,1128,0.48245951702722817,392,778
12980,"Battle Creek, MI Metro Area",2,1120,0.8338917429826521,393,554
21500,"Erie, PA Metro Area",2,1120,0.41347332358717637,394,811
22420,"Flint, MI Metro Area",2,1120,0.27571877669487044,395,860
23900,"Gettysburg, PA Metro Area",2,1120,1.0784578053383662,396,388
35660,"Niles, MI Metro Area",2,1120,0.7257834573213406,397,654
29300,"LaGrange, GA-AL Micro Area",2,1117,1.0719975431390238,398,390
17220,"Clarksburg, WV Micro Area",2,1102,1.2185682376097486,399,339
21900,"Fairmont, WV Micro Area",2,1102,1.9606796548349792,400,184
19500,"Decatur, IL Metro Area",2,1092,1.0500201926960133,401,401
41140,"St. Joseph, MO-KS Metro Area",2,1092,0.8990096075477291,402,498
44100,"Springfield, IL Metro Area",2,1092,0.5233895705521473,403,756
33140,"Michigan City-La Porte, IN Metro Area",2,1090,0.969604241351397,404,440
45460,"Terre Haute, IN Metro Area",2,1090,0.5890904767309262,405,727
29380,"Lake City, FL Micro Area",2,1086,1.5581508795087378,406,246
43580,"Sioux City, IA-NE-SD Metro Area",2,1086,0.7242897158863546,407,657
45500,"Texarkana, TX-AR Metro Area",2,1070,0.7253302964363912,408,655
43760,"Sonora, CA Micro Area",2,1068,1.9201725997842503,409,187
14140,"Bluefield, WV-VA Micro Area",2,1066,1.0022282184594267,410,423
19060,"Cumberland, MD-WV Metro Area",2,1050,1.1047514835234207,411,380
46180,"Tupelo, MS Micro Area",2,1044,0.6389307090662064,412,706
27600,"Jefferson, GA Micro Area",2,1034,1.3621932101123744,413,297
45900,"Traverse City, MI Micro Area",2,1034,0.673843908033992,414,688
48180,"Waycross, GA Micro Area",2,1034,1.8475172869726801,415,196
12700,"Barnstable Town, MA Metro Area",2,1032,0.4506628936749987,416,793
41540,"Salisbury, MD-DE Metro Area",2,1027,0.2456667448079876,417,865
27180,"Jackson, TN Metro Area",2,1012,0.5606523955147809,418,740
46100,"Tullahoma-Manchester, TN Micro Area",2,1012,0.9446996004630148,419,457
27500,"Janesville-Beloit, WI Metro Area",2,1004,0.6133657529308987,420,722
15540,"Burlington-South Burlington, VT Metro Area",2,1000,0.44333708692066925,421,797
23980,"Glasgow, KY Micro Area",2,990,1.8075258804841978,422,200
22860,"Fort Polk South, LA Micro Area",2,988,2.0266666666666664,423,179
26020,"Hobbs, NM Micro Area",2,988,1.3269760257873884,424,307
19260,"Danville, VA Micro Area",2,984,0.9544965127896713,425,453
44420,"Staunton, VA Metro Area",2,984,0.7844825524383534,426,602
28820,"Kinston, NC Micro Area",2,980,1.777874532854396,427,205
33980,"Morehead City, NC Micro Area",2,980,1.4478621871583488,428,274
41820,"Sanford, NC Micro Area",2,980,1.548550209370309,429,249
38620,"Ponca City, OK Micro Area",2,974,2.2288329519450802,430,163
41060,"St. Cloud, MN Metro Area",2,974,0.4878024350055842,431,775
12900,"Batesville, AR Micro Area",2,972,1.760582513720589,432,210
40780,"Russellville, AR Micro Area",2,972,1.162067811199847,433,355
42620,"Searcy, AR Micro Area",2,972,1.2652625549972663,434,321
33220,"Midland, MI Metro Area",2,948,1.135410927731334,435,368
18180,"Concord, NH Micro Area",2,946,0.615052533028191,436,721
11540,"Appleton, WI Metro Area",2,926,0.380839574413832,437,825
18900,"Crossville, TN Micro Area",2,926,1.51443290538883,438,255
39500,"Quincy, IL-MO Micro Area",2,924,1.2194960999881217,439,338
12120,"Atmore, AL Micro Area",2,922,2.5083657534619257,440,141
37120,"Ozark, AL Micro Area",2,922,1.8691967724932084,441,190
19860,"Dickinson, ND Micro Area",2,920,2.6596513543985427,442,129
20220,"Dubuque, IA Metro Area",2,918,0.9247879435053291,443,472
12740,"Barre, VT Micro Area",2,916,1.5315932917551458,444,253
20580,"Eagle Pass, TX Micro Area",2,906,1.5651182476203638,445,243
24180,"Granbury, TX Micro Area",2,906,1.4708269749017824,446,270
26660,"Huntsville, TX Micro Area",2,906,1.1858638743455499,447,348
31260,"Lufkin, TX Micro Area",2,906,1.0486717981364664,448,402
34860,"Nacogdoches, TX Micro Area",2,906,1.4013270845900423,449,288
40100,"Rio Grande City-Roma, TX Micro Area",2,906,1.3743932038834952,450,294
20780,"Edwards, CO Micro Area",2,905,1.6238718128151297,451,225
34660,"Murray, KY Micro Area",2,900,2.4256798641619275,452,148
17580,"Clovis, NM Micro Area",2,898,1.8542225893041504,453,195
38780,"Portales, NM Micro Area",2,898,4.679276744307227,454,72
45340,"Taos, NM Micro Area",2,898,2.6037287251007566,455,132
22060,"Faribault-Northfield, MN Micro Area",2,892,1.3294186029181632,456,306
35820,"North Platte, NE Micro Area",2,874,2.4419546813444724,457,146
42420,"Scottsbluff, NE Micro Area",2,874,2.30649460322487,458,159
49660,"Youngstown-Warren-Boardman, OH-PA Metro Area",2,856,0.1581544703580462,459,869
39260,"Prineville, OR Micro Area",2,852,3.444094106233325,460,106
49220,"Wisconsin Rapids-Marshfield, WI Micro Area",2,848,1.142749336315981,461,364
15580,"Butte-Silver Bow, MT Micro Area",2,840,2.3909145248057384,462,151
28860,"Kirksville, MO Micro Area",2,840,2.862400327131466,463,125
40620,"Rolla, MO Micro Area",2,840,1.8818047403557507,464,189
48460,"West Plains, MO Micro Area",2,840,2.1132075471698113,465,172
26540,"Huntington, IN Micro Area",2,838,2.285745458512902,466,160
17540,"Clinton, IA Micro Area",2,836,1.7993973310374514,467,202
15860,"Cañon City, CO Micro Area",2,822,1.6796420033102433,468,219
19620,"Del Rio, TX Micro Area",2,822,1.7273988147774557,469,212
18780,"Craig, CO Micro Area",2,821,6.176647607583509,470,45
43020,"Shawano, WI Micro Area",2,772,1.7103863878057426,471,215
35700,"Nogales, AZ Micro Area",2,752,1.5775451551322663,472,239
13620,"Berlin, NH Micro Area",2,728,2.3282589228604325,473,157
44940,"Sumter, SC Metro Area",1,616,0.4506217995610826,474,794
27460,"Jamestown-Dunkirk-Fredonia, NY Micro Area",1,614,0.4809763663567215,475,780
13220,"Beckley, WV Metro Area",1,602,0.5231189009289271,476,758
48540,"Wheeling, WV-OH Metro Area",1,602,0.4315010070746095,477,802
10780,"Alexandria, LA Metro Area",1,593,0.38963940285954585,478,818
26380,"Houma-Thibodaux, LA Metro Area",1,593,0.28628395699464604,479,858
29340,"Lake Charles, LA Metro Area",1,593,0.2666342928570786,480,863
26140,"Homosassa Springs, FL Metro Area",1,592,0.3848078885617155,481,823
39460,"Punta Gorda, FL Metro Area",1,592,0.3168367701916541,482,853
42680,"Sebastian-Vero Beach, FL Metro Area",1,592,0.3704909004430871,483,834
45540,"The Villages, FL Metro Area",1,592,0.4562550095566928,484,791
30340,"Lewiston-Auburn, ME Metro Area",1,590,0.5308667524451363,485,752
10500,"Albany, GA Metro Area",1,564,0.3787217469547817,486,828
23500,"Gaffney, SC Micro Area",1,564,1.0032730895118829,487,421
23860,"Georgetown, SC Micro Area",1,564,0.8895337833575169,488,510
24940,"Greenwood, SC Micro Area",1,564,0.8132543150062725,489,577
36700,"Orangeburg, SC Micro Area",1,564,0.6696508079740688,490,691
42860,"Seneca, SC Micro Area",1,564,0.717493353009274,491,667
12180,"Auburn, NY Micro Area",1,563,0.7383800230825727,492,646
12860,"Batavia, NY Micro Area",1,563,0.9642392272384736,493,447
21300,"Elmira, NY Metro Area",1,563,0.6690592765128108,494,692
24100,"Gloversville, NY Micro Area",1,563,1.0558097667091741,495,396
26460,"Hudson, NY Micro Area",1,563,0.9144063667370472,496,485
31660,"Malone, NY Micro Area",1,563,1.1838923351908317,497,351
36580,"Oneonta, NY Micro Area",1,563,0.9619984963433805,498,448
38460,"Plattsburgh, NY Micro Area",1,563,0.7051338251318212,499,674
11500,"Anniston-Oxford, AL Metro Area",1,553,0.4749186283182041,500,782
19460,"Decatur, AL Metro Area",1,553,0.35336818024972205,501,843
22520,"Florence-Muscle Shoals, AL Metro Area",1,553,0.3667327625654051,502,837
37620,"Parkersburg-Vienna, WV Metro Area",1,551,0.6157112526539279,503,720
12100,"Atlantic City-Hammonton, NJ Metro Area",1,549,0.19997523075466062,504,868
36660,"Opelousas, LA Micro Area",1,543,0.657862854373637,505,699
30940,"London, KY Micro Area",1,540,0.3603291005785284,506,840
36980,"Owensboro, KY Metro Area",1,540,0.4442287284363971,507,796
26740,"Hutchinson, KS Micro Area",1,538,0.8691718633881548,508,527
41460,"Salina, KS Micro Area",1,538,0.8960991372130984,509,502
11620,"Ardmore, OK Micro Area",1,536,0.921769935854443,510,477
34780,"Muskogee, OK Micro Area",1,536,0.8079711783415486,511,583
40580,"Rocky Mount, NC Metro Area",1,535,0.37186348787099466,512,833
27860,"Jonesboro, AR Metro Area",1,530,0.3949447077409162,513,816
11020,"Altoona, PA Metro Area",1,517,0.4209343602937584,514,808
13020,"Bay City, MI Metro Area",1,517,0.497804652595902,515,772
15660,"Calhoun, GA Micro Area",1,517,0.8984429306269985,516,499
20140,"Dublin, GA Micro Area",1,517,0.7933706744418015,517,592
25980,"Hinesville, GA Metro Area",1,517,0.6349479269011593,518,709
26090,"Holland, MI Micro Area",1,517,0.4290385221822044,519,803
27100,"Jackson, MI Metro Area",1,517,0.3223875385056683,520,852
27780,"Johnstown, PA Metro Area",1,517,0.38734715895468713,521,820
30140,"Lebanon, PA Metro Area",1,517,0.36088986925595257,522,839
33300,"Milledgeville, GA Micro Area",1,517,0.9841245669471199,523,431
33780,"Monroe, MI Metro Area",1,517,0.3339599118914275,524,848
34740,"Muskegon, MI Metro Area",1,517,0.29404404404404405,525,857
39060,"Pottsville, PA Micro Area",1,517,0.36141462016511827,526,838
40660,"Rome, GA Metro Area",1,517,0.5244258703237848,527,755
40980,"Saginaw, MI Metro Area",1,517,0.2719277944920157,528,861
41220,"St. Marys, GA Micro Area",1,517,0.9439818872334209,529,458
44340,"Statesboro, GA Micro Area",1,517,0.6374924475024353,530,707
48700,"Williamsport, PA Metro Area",1,517,0.4527621116054226,531,792
30620,"Lima, OH Metro Area",1,513,0.5019274797957067,532,769
31900,"Mansfield, OH Metro Area",1,513,0.4106102324390088,533,812
41400,"Salem, OH Micro Area",1,513,0.503548396595895,534,766
44220,"Springfield, OH Metro Area",1,513,0.3772031088006706,535,830
48260,"Weirton-Steubenville, WV-OH Metro Area",1,513,0.4388253509319692,536,800
49300,"Wooster, OH Micro Area",1,513,0.43885913733810117,537,799
10700,"Albertville, AL Micro Area",1,507,0.5194033520468795,538,760
10760,"Alexander City, AL Micro Area",1,507,0.9806955781654997,539,435
18980,"Cullman, AL Micro Area",1,507,0.5770150001138097,540,732
21460,"Enterprise, AL Micro Area",1,507,0.9482839240624708,541,455
22840,"Fort Payne, AL Micro Area",1,507,0.7080214501173053,542,672
27530,"Jasper, AL Micro Area",1,507,0.7759174803342415,543,611
42460,"Scottsboro, AL Micro Area",1,507,0.9642632990357367,544,446
45180,"Talladega-Sylacauga, AL Micro Area",1,507,0.617171237629186,545,718
17420,"Cleveland, TN Metro Area",1,506,0.40106528011160075,546,814
34100,"Morristown, TN Metro Area",1,506,0.35456768669109867,547,841
16060,"Carbondale-Marion, IL Metro Area",1,504,0.37771199460411436,548,829
28100,"Kankakee, IL Metro Area",1,504,0.46882848691187134,549,787
36837,"Ottawa, IL Micro Area",1,504,0.3393048290347989,550,847
36140,"Ocean City, NJ Metro Area",1,503,0.5280119248816434,551,754
19220,"Danville, KY Micro Area",1,495,0.9018200368015449,552,496
23180,"Frankfort, KY Micro Area",1,495,0.6565596275516294,553,702
37140,"Paducah, KY-IL Micro Area",1,495,0.5017230893979323,554,770
43700,"Somerset, KY Micro Area",1,495,0.7611403265983947,555,627
10620,"Albemarle, NC Micro Area",1,490,0.7839498272110584,556,604
14380,"Boone, NC Micro Area",1,490,0.9059645749362127,557,493
19000,"Cullowhee, NC Micro Area",1,490,0.8562541502114422,558,541
21020,"Elizabeth City, NC Micro Area",1,490,0.9146398372314412,559,484
22580,"Forest City, NC Micro Area",1,490,0.7603500713798026,560,629
35900,"North Wilkesboro, NC Micro Area",1,490,0.7427731207082114,561,641
40260,"Roanoke Rapids, NC Micro Area",1,490,0.7413795712102643,562,642
43140,"Shelby, NC Micro Area",1,490,0.4923682914820286,563,773
48980,"Wilson, NC Micro Area",1,490,0.6219536961819659,564,716
31860,"Mankato, MN Metro Area",1,487,0.4702315431705386,565,786
26300,"Hot Springs, AR Metro Area",1,486,0.4851267718107406,566,776
38220,"Pine Bluff, AR Metro Area",1,486,0.5538398422809996,567,742
24260,"Grand Island, NE Metro Area",1,481,0.6243671954100574,568,712
28260,"Kearney, NE Micro Area",1,481,0.8472486436975974,569,547
18060,"Columbus, MS Micro Area",1,478,0.8118344401229641,570,579
29860,"Laurel, MS Micro Area",1,478,0.5716814370971021,571,736
32940,"Meridian, MS Micro Area",1,478,0.4898193406908707,572,774
37060,"Oxford, MS Micro Area",1,478,0.8564312973679967,573,540
38100,"Picayune, MS Micro Area",1,478,0.8513669961706296,574,545
44260,"Starkville, MS Micro Area",1,478,0.7745406228732541,575,613
38340,"Pittsfield, MA Metro Area",1,476,0.3689178925177871,576,835
10300,"Adrian, MI Micro Area",1,474,0.4767508524184545,577,781
14100,"Bloomsburg-Berwick, PA Metro Area",1,474,0.5720285290177763,578,735
20180,"DuBois, PA Micro Area",1,474,0.588366723765547,579,728
26860,"Indiana, PA Micro Area",1,474,0.5693967277707037,580,737
31940,"Marinette, WI-MI Micro Area",1,474,0.7250588919142167,581,656
32100,"Marquette, MI Micro Area",1,474,0.7179968795916204,582,666
34380,"Mount Pleasant, MI Micro Area",1,474,0.7360934248532471,583,649
35260,"New Castle, PA Micro Area",1,474,0.5507145346810736,584,745
36340,"Oil City, PA Micro Area",1,474,0.9394696158877394,585,462
42380,"Sayre, PA Micro Area",1,474,0.7904347391065085,586,596
43740,"Somerset, PA Micro Area",1,474,0.6394258657205683,587,705
44780,"Sturgis, MI Micro Area",1,474,0.777827007335204,588,609
44980,"Sunbury, PA Micro Area",1,474,0.5172018724017153,589,761
11740,"Ashland, OH Micro Area",1,471,0.8980494594543063,590,500
11780,"Ashtabula, OH Micro Area",1,471,0.48271055814048824,591,777
11900,"Athens, OH Micro Area",1,471,0.7544328939148821,592,631
17060,"Chillicothe, OH Micro Area",1,471,0.6109504105431103,593,723
22300,"Findlay, OH Micro Area",1,471,0.6286705819540843,594,710
23380,"Fremont, OH Micro Area",1,471,0.7997147514262429,595,587
24820,"Greenville, OH Micro Area",1,471,0.9078468032613095,596,489
31930,"Marietta, OH Micro Area",1,471,0.7880075621957137,597,599
32020,"Marion, OH Micro Area",1,471,0.7206352606374027,598,661
34540,"Mount Vernon, OH Micro Area",1,471,0.7509446596833597,599,636
35420,"New Philadelphia-Dover, OH Micro Area",1,471,0.5050234283692354,600,764
38580,"Point Pleasant, WV-OH Micro Area",1,471,0.8614855595998024,601,536
39020,"Portsmouth, OH Micro Area",1,471,0.6364176845746407,602,708
41780,"Sandusky, OH Micro Area",1,471,0.6228346248446219,603,713
45660,"Tiffin, OH Micro Area",1,471,0.8552906353846992,604,544
49780,"Zanesville, OH Micro Area",1,471,0.5450758014118736,605,746
11940,"Athens, TN Micro Area",1,463,0.8690592386815826,606,528
20740,"Eau Claire, WI Metro Area",1,463,0.2691750917113839,607,862
22540,"Fond du Lac, WI Metro Area",1,463,0.4445340553411295,608,795
24620,"Greeneville, TN Micro Area",1,463,0.6599954384764511,609,698
29100,"La Crosse-Onalaska, WI-MN Metro Area",1,463,0.3315977568808325,610,850
39540,"Racine, WI Metro Area",1,463,0.23416124252125403,611,867
42940,"Sevierville, TN Micro Area",1,463,0.47062411059158366,612,785
43100,"Sheboygan, WI Metro Area",1,463,0.3922598573292442,613,817
48140,"Wausau-Weston, WI Metro Area",1,463,0.278198380080275,614,859
48580,"Whitewater, WI Micro Area",1,463,0.4348316084073705,615,801
16020,"Cape Girardeau, MO-IL Metro Area",1,462,0.47376354891967554,616,784
16660,"Charleston-Mattoon, IL Micro Area",1,462,0.8060998377331495,617,584
19180,"Danville, IL Metro Area",1,462,0.6227422224618536,618,714
22100,"Farmington, MO Micro Area",1,462,0.6903559367622008,619,680
38740,"Poplar Bluff, MO Micro Area",1,462,0.8748508776913025,620,521
40300,"Rochelle, IL Micro Area",1,462,0.8920985556499574,621,504
44580,"Sterling, IL Micro Area",1,462,0.8295774900791869,622,559
47660,"Warrensburg, MO Micro Area",1,462,0.8553496380500991,623,543
27540,"Jasper, IN Micro Area",1,461,0.824878773238857,624,564
29020,"Kokomo, IN Metro Area",1,461,0.5510530971335676,625,744
31980,"Marion, IN Micro Area",1,461,0.6914239433662297,626,679
39980,"Richmond, IN Micro Area",1,461,0.6926810211410455,627,678
47700,"Warsaw, IN Micro Area",1,461,0.5745264207377867,628,734
40860,"Rutland, VT Micro Area",1,458,0.7561249422175262,629,630
10860,"Alice, TX Micro Area",1,453,0.9297647879807889,630,470
11980,"Athens, TX Micro Area",1,453,0.5514303104077906,631,743
18620,"Corsicana, TX Micro Area",1,453,0.8608239586500456,632,538
28500,"Kerrville, TX Micro Area",1,453,0.8612494771664321,633,537
37300,"Palestine, TX Micro Area",1,453,0.7820862539276959,634,606
47020,"Victoria, TX Metro Area",1,453,0.4606888977026573,635,790
32300,"Martinsville, VA Micro Area",1,451,0.6999518880076979,636,677
45860,"Torrington, CT Micro Area",1,451,0.24353892842871488,637,866
14660,"Brainerd, MN Micro Area",1,446,0.46367048207175454,638,789
49100,"Winona, MN Micro Area",1,446,0.8979082361941575,639,501
12660,"Baraboo, WI Micro Area",1,424,0.6447394431519243,640,704
13180,"Beaver Dam, WI Micro Area",1,424,0.47429415186361806,641,783
31820,"Manitowoc, WI Micro Area",1,424,0.5211470150813062,642,759
38420,"Platteville, WI Micro Area",1,424,0.8163579652662791,643,573
44620,"Stevens Point, WI Micro Area",1,424,0.6024695568154368,644,726
48020,"Watertown-Fort Atkinson, WI Micro Area",1,424,0.4994110718492344,645,771
35140,"Newberry, SC Micro Area",1,411,1.089636522707389,646,386
46420,"Union, SC Micro Area",1,411,1.5085890471296433,647,257
18660,"Cortland, NY Micro Area",1,410,0.8758999337734197,648,519
42900,"Seneca Falls, NY Micro Area",1,410,1.2125155261134442,649,341
21180,"Elkins, WV Micro Area",1,401,1.4356293856508664,650,276
34350,"Mount Gay-Shamrock, WV Micro Area",1,401,1.2313077655295237,651,333
28300,"Keene, NH Micro Area",1,400,0.5231630437625886,652,757
29060,"Laconia, NH Micro Area",1,400,0.6278941998273291,653,711
11580,"Arcadia, FL Micro Area",1,395,1.162585354367789,654,354
14220,"Bogalusa, LA Micro Area",1,395,0.8688383960583331,655,529
27660,"Jennings, LA Micro Area",1,395,1.2248062015503876,656,336
33380,"Minden, LA Micro Area",1,395,1.068520572402413,657,392
34020,"Morgan City, LA Micro Area",1,395,0.7994980366757075,658,589
35060,"Natchitoches, LA Micro Area",1,395,1.052912168465947,659,399
36380,"Okeechobee, FL Micro Area",1,395,0.9963676722833217,660,428
40820,"Ruston, LA Micro Area",1,395,0.8161831556326968,661,574
48100,"Wauchula, FL Micro Area",1,395,1.559600426422395,662,244
11860,"Atchison, KS Micro Area",1,391,2.391729875214094,663,150
17700,"Coffeyville, KS Micro Area",1,391,1.241821762052976,664,328
19980,"Dodge City, KS Micro Area",1,391,1.1403739026453175,665,366
21380,"Emporia, KS Micro Area",1,391,1.1251474777704238,666,373
23780,"Garden City, KS Micro Area",1,391,0.9210185381480697,667,480
24460,"Great Bend, KS Micro Area",1,391,1.5337543639430433,668,252
25700,"Hays, KS Micro Area",1,391,1.3513513513513513,669,301
30580,"Liberal, KS Micro Area",1,391,1.780185758513932,670,203
36840,"Ottawa, KS Micro Area",1,391,1.504077550392368,671,261
37660,"Parsons, KS Micro Area",1,391,1.9371779627427663,672,186
38260,"Pittsburg, KS Micro Area",1,391,1.0032844093195115,673,420
49060,"Winfield, KS Micro Area",1,391,1.131725954441518,674,370
10220,"Ada, OK Micro Area",1,390,1.0245632470773676,675,416
11060,"Altus, OK Micro Area",1,390,1.5735323784547106,676,242
20340,"Duncan, OK Micro Area",1,390,0.9101941747572815,677,487
20460,"Durant, OK Micro Area",1,390,0.8465930058393211,678,548
25100,"Guymon, OK Micro Area",1,390,1.8237934904601572,679,197
32540,"McAlester, OK Micro Area",1,390,0.8909601809334521,680,506
33060,"Miami, OK Micro Area",1,390,1.2877662209014362,681,313
45140,"Tahlequah, OK Micro Area",1,390,0.8284124219380603,682,560
48220,"Weatherford, OK Micro Area",1,390,1.3677971451618558,683,296
49260,"Woodward, OK Micro Area",1,390,1.610305958132045,684,229
18860,"Crescent City, CA Micro Area",1,388,1.3985509858342646,685,289
11140,"Americus, GA Micro Area",1,376,1.1006059186839563,686,382
12460,"Bainbridge, GA Micro Area",1,376,1.2803486907072563,687,315
16340,"Cedartown, GA Micro Area",1,376,0.8774181504212074,688,517
18380,"Cordele, GA Micro Area",1,376,1.8680445151033387,689,191
18460,"Cornelia, GA Micro Area",1,376,0.816840824661641,690,572
27700,"Jesup, GA Micro Area",1,376,1.2473460721868366,691,326
34220,"Moultrie, GA Micro Area",1,376,0.8192078086191119,692,569
45580,"Thomaston, GA Micro Area",1,376,1.3574007220216606,693,299
45620,"Thomasville, GA Micro Area",1,376,0.8209965500676885,694,567
45700,"Tifton, GA Micro Area",1,376,0.9094427244582043,695,488
47080,"Vidalia, GA Micro Area",1,376,1.0549943883277215,696,397
10100,"Aberdeen, SD Micro Area",1,369,0.8726086031167972,697,523
15100,"Brookings, SD Micro Area",1,369,1.0734545454545454,698,389
21640,"Eufaula, AL-GA Micro Area",1,369,1.3438706387937942,699,304
26700,"Huron, SD Micro Area",1,369,1.7730155679415722,700,206
33580,"Mitchell, SD Micro Area",1,369,1.575778280736217,701,240
38180,"Pierre, SD Micro Area",1,369,1.7787418655097613,702,204
42820,"Selma, AL Micro Area",1,369,0.9593884873381519,703,450
45980,"Troy, AL Micro Area",1,369,1.1178769426520039,704,378
46820,"Vermillion, SD Micro Area",1,369,2.4654239326518343,705,144
47980,"Watertown, SD Micro Area",1,369,1.0699063469512018,706,391
49460,"Yankton, SD Micro Area",1,369,1.583011583011583,707,237
27420,"Jamestown, ND Micro Area",1,368,1.7042560088917704,708,216
47420,"Wahpeton, ND-MN Micro Area",1,368,1.5975689168656393,709,233
12680,"Bardstown, KY Micro Area",1,360,0.7702511874705806,710,620
15820,"Campbellsville, KY Micro Area",1,360,0.9695663883652034,711,441
16420,"Central City, KY Micro Area",1,360,1.1639937920331092,712,353
31580,"Madisonville, KY Micro Area",1,360,0.7925500297206262,713,593
32460,"Mayfield, KY Micro Area",1,360,0.982291467707168,714,433
32500,"Maysville, KY Micro Area",1,360,2.102803738317757,715,173
34460,"Mount Sterling, KY Micro Area",1,360,0.7663324605658088,716,622
29780,"Las Vegas, NM Micro Area",1,359,1.1436763300414143,717,363
40760,"Ruidoso, NM Micro Area",1,359,1.7711776604667224,718,207
14820,"Brevard, NC Micro Area",1,357,1.0822773297762687,719,387
25780,"Henderson, NC Micro Area",1,357,0.838461177133731,720,552
28620,"Kill Devil Hills, NC Micro Area",1,357,0.9670865501828526,721,443
29900,"Laurinburg, NC Micro Area",1,357,1.0446538303973782,722,406
32000,"Marion, NC Micro Area",1,357,0.8008434653865135,723,586
40460,"Rockingham, NC Micro Area",1,357,0.8312764867508032,724,558
47820,"Washington, NC Micro Area",1,357,0.7995162590701423,725,588
11660,"Arkadelphia, AR Micro Area",1,354,1.6506574652615873,726,222
14180,"Blytheville, AR Micro Area",1,354,0.8700995452869608,727,526
15780,"Camden, AR Micro Area",1,354,1.2924896856402206,728,312
20980,"El Dorado, AR Micro Area",1,354,0.9064372407435859,729,492
25460,"Harrison, AR Micro Area",1,354,0.7937575676039285,730,591
25760,"Helena-West Helena, AR Micro Area",1,354,2.136648961854177,731,170
26260,"Hope, AR Micro Area",1,354,1.2475770925110132,732,325
31620,"Magnolia, AR Micro Area",1,354,1.5525634840577167,733,248
34260,"Mountain Home, AR Micro Area",1,354,0.850409589929613,734,546
37500,"Paragould, AR Micro Area",1,354,0.7740073465104075,735,615
13100,"Beatrice, NE Micro Area",1,350,1.6126059712495393,736,228
18100,"Columbus, NE Micro Area",1,350,1.0205271751807792,737,417
23340,"Fremont, NE Micro Area",1,350,0.9416955901740791,738,461
25580,"Hastings, NE Micro Area",1,350,1.1216151257811249,739,377
30420,"Lexington, NE Micro Area",1,350,1.3459467774188585,740,303
35740,"Norfolk, NE Micro Area",1,350,0.718037091744625,741,665
15020,"Brookhaven, MS Micro Area",1,348,0.9969347122353682,742,427
18420,"Corinth, MS Micro Area",1,348,1.001727115716753,743,424
24740,"Greenville, MS Micro Area",1,348,0.7746761052490985,744,612
24900,"Greenwood, MS Micro Area",1,348,0.907739259722983,745,490
32620,"McComb, MS Micro Area",1,348,0.8630096220613035,746,535
35020,"Natchez, MS-LA Micro Area",1,348,0.7216174183514774,747,660
46980,"Vicksburg, MS Micro Area",1,348,0.7781405124994409,748,608
10940,"Alma, MI Micro Area",1,345,0.826129642489404,749,561
10980,"Alpena, MI Micro Area",1,345,1.1934825474798492,750,343
13660,"Big Rapids, MI Micro Area",1,345,0.8687112856927028,751,530
15620,"Cadillac, MI Micro Area",1,345,0.7080554130323243,752,671
17740,"Coldwater, MI Micro Area",1,345,0.7690250100307611,753,621
21540,"Escanaba, MI Micro Area",1,345,0.9348833428176572,754,467
25880,"Hillsdale, MI Micro Area",1,345,0.7541642985179032,755,632
26340,"Houghton, MI Micro Area",1,345,0.8754789758164794,756,520
26500,"Huntingdon, PA Micro Area",1,345,0.7824548670960718,757,605
27020,"Iron Mountain, MI-WI Micro Area",1,345,1.130962137354532,758,371
30260,"Lewisburg, PA Micro Area",1,345,0.8083222042595065,759,582
30820,"Lock Haven, PA Micro Area",1,345,0.9212283044058744,760,479
41260,"St. Marys, PA Micro Area",1,345,1.1132623426911907,761,379
42300,"Sault Ste. Marie, MI Micro Area",1,345,0.9378822889764851,762,464
13340,"Bellefontaine, OH Micro Area",1,342,0.7410617551462622,763,643
15340,"Bucyrus-Galion, OH Micro Area",1,342,0.8138013087447947,764,576
15740,"Cambridge, OH Micro Area",1,342,0.8897445236484728,765,509
18740,"Coshocton, OH Micro Area",1,342,0.9341199606686332,766,468
27160,"Jackson, OH Micro Area",1,342,1.0473769638318071,767,404
47540,"Wapakoneta, OH Micro Area",1,342,0.7367196587824738,768,648
48940,"Wilmington, OH Micro Area",1,342,0.813936884192489,769,575
26220,"Hood River, OR Micro Area",1,341,1.422196271426784,770,283
45520,"The Dalles, OR Micro Area",1,341,1.2785901762279717,771,316
28540,"Ketchikan, AK Micro Area",1,339,2.4304559793518785,772,147
19420,"Dayton, TN Micro Area",1,337,1.025250988743535,773,415
20540,"Dyersburg, TN Micro Area",1,337,0.9157359854351784,774,483
29980,"Lawrenceburg, TN Micro Area",1,337,0.7631513394777961,775,626
30280,"Lewisburg, TN Micro Area",1,337,0.9819919575732852,776,434
32660,"McMinnville, TN Micro Area",1,337,0.8228945376407102,777,566
35460,"Newport, TN Micro Area",1,337,0.936137114919859,778,465
37540,"Paris, TN Micro Area",1,337,1.0466163545451723,779,405
43180,"Shelbyville, TN Micro Area",1,337,0.6708203117224356,780,690
16460,"Centralia, IL Micro Area",1,336,0.8905616369371041,781,507
20820,"Effingham, IL Micro Area",1,336,0.9691934925579786,782,442
23300,"Freeport, IL Micro Area",1,336,0.7528568227649564,783,633
23660,"Galesburg, IL Micro Area",1,336,0.6724438129165249,784,689
25300,"Hannibal, MO Micro Area",1,336,0.8641975308641975,785,532
27300,"Jacksonville, IL Micro Area",1,336,0.8873864356644834,786,511
30060,"Lebanon, MO Micro Area",1,336,0.9323233164072254,787,469
31380,"Macomb, IL Micro Area",1,336,1.2335707467508628,788,332
32180,"Marshall, MO Micro Area",1,336,1.4400205717224532,789,275
32340,"Maryville, MO Micro Area",1,336,1.5818464290758438,790,238
33020,"Mexico, MO Micro Area",1,336,1.346045989904655,791,302
33620,"Moberly, MO Micro Area",1,336,1.3594432756109402,792,298
34500,"Mount Vernon, IL Micro Area",1,336,0.9053431412173633,793,494
38700,"Pontiac, IL Micro Area",1,336,0.9381544045790869,794,463
42740,"Sedalia, MO Micro Area",1,336,0.7817589576547231,795,607
43460,"Sikeston, MO Micro Area",1,336,0.8828398013610448,796,515
11420,"Angola, IN Micro Area",1,335,0.9728473936401918,797,439
13260,"Bedford, IN Micro Area",1,335,0.7442625136077847,798,639
18220,"Connersville, IN Micro Area",1,335,1.4317463031028295,799,278
18820,"Crawfordsville, IN Micro Area",1,335,0.8830662167861661,800,514
19540,"Decatur, IN Micro Area",1,335,0.9355190036024462,801,466
28340,"Kendallville, IN Micro Area",1,335,0.7059021851360179,802,673
30900,"Logansport, IN Micro Area",1,335,0.8846052284129917,803,512
31500,"Madison, IN Micro Area",1,335,1.0106495308776058,804,419
35220,"New Castle, IN Micro Area",1,335,0.6848754957680827,805,682
35860,"North Vernon, IN Micro Area",1,335,1.2131966827219063,806,340
38500,"Plymouth, IN Micro Area",1,335,0.7267599522724808,807,653
42500,"Scottsburg, IN Micro Area",1,335,1.3738517060367454,808,295
47180,"Vincennes, IN Micro Area",1,335,0.9233228598202966,809,474
15460,"Burlington, IA-IL Micro Area",1,334,0.7373556747687484,810,647
16140,"Carroll, IA Micro Area",1,334,1.6088631984585742,811,231
21840,"Fairfield, IA Micro Area",1,334,2.1324139692268407,812,171
22700,"Fort Dodge, IA Micro Area",1,334,0.9027271007324523,813,495
32260,"Marshalltown, IA Micro Area",1,334,0.832813863608029,814,557
32380,"Mason City, IA Micro Area",1,334,0.6604706347636939,815,697
34700,"Muscatine, IA Micro Area",1,334,0.7725222620562044,816,618
36820,"Oskaloosa, IA Micro Area",1,334,1.505182514646237,817,260
36900,"Ottumwa, IA Micro Area",1,334,0.9425177074808815,818,460
37800,"Pella, IA Micro Area",1,334,0.9995810139462501,819,425
43980,"Spencer, IA Micro Area",1,334,2.03857421875,820,178
44740,"Storm Lake, IA Micro Area",1,334,1.6039955818085772,821,232
13540,"Bennington, VT Micro Area",1,333,0.8916378825608483,822,505
11380,"Andrews, TX Micro Area",1,329,1.767866738312735,823,209
13060,"Bay City, TX Micro Area",1,329,0.9074610398565716,824,491
13300,"Beeville, TX Micro Area",1,329,1.0596837053499533,825,395
13700,"Big Spring, TX Micro Area",1,329,0.9437751004016065,826,459
14300,"Bonham, TX Micro Area",1,329,0.922550614099041,827,476
14420,"Borger, TX Micro Area",1,329,1.5957704806712907,828,234
14780,"Brenham, TX Micro Area",1,329,0.9188660801564028,829,481
15220,"Brownwood, TX Micro Area",1,329,0.8636303976899856,830,533
20300,"Dumas, TX Micro Area",1,329,1.54040640509411,831,250
20900,"El Campo, TX Micro Area",1,329,0.7914361318258358,832,595
23240,"Fredericksburg, TX Micro Area",1,329,1.2310570626753976,833,334
23620,"Gainesville, TX Micro Area",1,329,0.7895747336085245,834,597
25820,"Hereford, TX Micro Area",1,329,1.7704353441317333,835,208
28780,"Kingsville, TX Micro Area",1,329,1.0481044918763938,836,403
33420,"Mineral Wells, TX Micro Area",1,329,1.1580837058678588,837,359
34420,"Mount Pleasant, TX Micro Area",1,329,0.7526709523918464,838,634
37420,"Pampa, TX Micro Area",1,329,1.491792872041353,839,266
37580,"Paris, TX Micro Area",1,329,0.6568439546398339,840,701
37780,"Pecos, TX Micro Area",1,329,2.22117202268431,841,165
38380,"Plainview, TX Micro Area",1,329,1.0116229014205769,842,418
38920,"Port Lavaca, TX Micro Area",1,329,1.6363274644384762,843,224
40530,"Rockport, TX Micro Area",1,329,1.380612673101133,844,292
43660,"Snyder, TX Micro Area",1,329,1.943066383179778,845,185
44500,"Stephenville, TX Micro Area",1,329,0.7732988600305558,846,616
44860,"Sulphur Springs, TX Micro Area",1,329,0.894337673634708,847,503
45020,"Sweetwater, TX Micro Area",1,329,2.232324603066902,848,162
46620,"Uvalde, TX Micro Area",1,329,1.3393584106822993,849,305
46900,"Vernon, TX Micro Area",1,329,2.552960347637154,850,139
49820,"Zapata, TX Micro Area",1,329,2.368781049751602,851,153
13720,"Big Stone Gap, VA Micro Area",1,328,0.8237687419946254,852,565
14720,"Breckenridge, CO Micro Area",1,327,1.0529705361455481,853,398
22820,"Fort Morgan, CO Micro Area",1,327,1.1232867301020233,854,375
44540,"Sterling, CO Micro Area",1,327,1.5189520624303232,855,254
44460,"Steamboat Springs, CO Micro Area",1,326,1.3129807885939828,856,309
10660,"Albert Lea, MN Micro Area",1,325,1.051950153746561,857,400
10820,"Alexandria, MN Micro Area",1,325,0.8332051479259601,858,556
12380,"Austin, MN Micro Area",1,325,0.8119113642609109,859,578
13420,"Bemidji, MN Micro Area",1,325,0.703037120359955,860,675
21860,"Fairmont, MN Micro Area",1,325,1.6229712858926344,861,226
24330,"Grand Rapids, MN Micro Area",1,325,0.7219976007464345,862,659
26780,"Hutchinson, MN Micro Area",1,325,0.88384868510511,863,513
32140,"Marshall, MN Micro Area",1,325,1.2861609086232142,864,314
39860,"Red Wing, MN Micro Area",1,325,0.683031398427977,865,683
48820,"Willmar, MN Micro Area",1,325,0.7431629013079667,866,640
49380,"Worthington, MN Micro Area",1,325,1.4580529385374608,867,272
47240,"Vineyard Haven, MA Micro Area",1,317,1.5388349514563107,868,251
32860,"Menomonie, WI Micro Area",1,309,0.6800176056338028,869,684
